2017-11-18 19:06:01,28-0315937bc3ff,board,14.25
2017-11-18 19:06:01,28-0315a4b625ff,external,NO-DATA
2017-11-18 19:06:01,28-0115926cbfff,one,NO-DATA
2017-11-18 19:16:02,28-0315937bc3ff,board,14.375
2017-11-18 19:16:02,28-0315a4b625ff,external,NO-DATA
2017-11-18 19:16:02,28-0115926cbfff,one,NO-DATA
2017-11-18 19:26:03,28-0315937bc3ff,board,14.437
2017-11-18 19:26:03,28-0315a4b625ff,external,NO-DATA
2017-11-18 19:26:03,28-0115926cbfff,one,NO-DATA
2017-11-18 19:36:04,28-0315937bc3ff,board,14.375
2017-11-18 19:36:04,28-0315a4b625ff,external,NO-DATA
2017-11-18 19:36:04,28-0115926cbfff,one,NO-DATA
2017-11-18 19:46:05,28-0315937bc3ff,board,14.312
2017-11-18 19:46:05,28-0315a4b625ff,external,NO-DATA
2017-11-18 19:46:05,28-0115926cbfff,one,NO-DATA
2017-11-18 19:56:06,28-0315937bc3ff,board,14.25
2017-11-18 19:56:06,28-0315a4b625ff,external,NO-DATA
2017-11-18 19:56:06,28-0115926cbfff,one,NO-DATA
2017-11-18 20:06:07,28-0315937bc3ff,board,14.187
2017-11-18 20:06:07,28-0315a4b625ff,external,NO-DATA
2017-11-18 20:06:07,28-0115926cbfff,one,NO-DATA
2017-11-18 20:16:08,28-0315937bc3ff,board,14.125
2017-11-18 20:16:08,28-0315a4b625ff,external,NO-DATA
2017-11-18 20:16:08,28-0115926cbfff,one,NO-DATA
2017-11-18 20:26:08,28-0315937bc3ff,board,14.125
2017-11-18 20:26:08,28-0315a4b625ff,external,NO-DATA
2017-11-18 20:26:08,28-0115926cbfff,one,NO-DATA
2017-11-18 20:36:09,28-0315937bc3ff,board,14.125
2017-11-18 20:36:09,28-0315a4b625ff,external,NO-DATA
2017-11-18 20:36:09,28-0115926cbfff,one,NO-DATA
2017-11-18 20:46:10,28-0315937bc3ff,board,14.0
2017-11-18 20:46:10,28-0315a4b625ff,external,NO-DATA
2017-11-18 20:46:10,28-0115926cbfff,one,NO-DATA
2017-11-18 20:56:11,28-0315937bc3ff,board,14.0
2017-11-18 20:56:11,28-0315a4b625ff,external,NO-DATA
2017-11-18 20:56:11,28-0115926cbfff,one,NO-DATA
2017-11-18 21:06:12,28-0315937bc3ff,board,13.937
2017-11-18 21:06:12,28-0315a4b625ff,external,NO-DATA
2017-11-18 21:06:12,28-0115926cbfff,one,NO-DATA
2017-11-18 21:16:13,28-0315937bc3ff,board,13.875
2017-11-18 21:16:13,28-0315a4b625ff,external,NO-DATA
2017-11-18 21:16:13,28-0115926cbfff,one,NO-DATA
2017-11-18 21:26:14,28-0315937bc3ff,board,13.812
2017-11-18 21:26:14,28-0315a4b625ff,external,NO-DATA
2017-11-18 21:26:14,28-0115926cbfff,one,NO-DATA
2017-11-18 21:36:15,28-0315937bc3ff,board,13.812
2017-11-18 21:36:15,28-0315a4b625ff,external,NO-DATA
2017-11-18 21:36:15,28-0115926cbfff,one,NO-DATA
2017-11-18 21:46:16,28-0315937bc3ff,board,13.75
2017-11-18 21:46:16,28-0315a4b625ff,external,NO-DATA
2017-11-18 21:46:16,28-0115926cbfff,one,NO-DATA
2017-11-18 21:56:17,28-0315937bc3ff,board,13.75
2017-11-18 21:56:17,28-0315a4b625ff,external,NO-DATA
2017-11-18 21:56:17,28-0115926cbfff,one,NO-DATA
2017-11-18 22:06:18,28-0315937bc3ff,board,13.75
2017-11-18 22:06:18,28-0315a4b625ff,external,NO-DATA
2017-11-18 22:06:18,28-0115926cbfff,one,NO-DATA
2017-11-18 22:16:19,28-0315937bc3ff,board,13.687
2017-11-18 22:16:19,28-0315a4b625ff,external,NO-DATA
2017-11-18 22:16:19,28-0115926cbfff,one,NO-DATA
2017-11-18 22:26:19,28-0315937bc3ff,board,13.625
2017-11-18 22:26:19,28-0315a4b625ff,external,NO-DATA
2017-11-18 22:26:19,28-0115926cbfff,one,NO-DATA
2017-11-18 22:36:20,28-0315937bc3ff,board,13.562
2017-11-18 22:36:20,28-0315a4b625ff,external,NO-DATA
2017-11-18 22:36:20,28-0115926cbfff,one,NO-DATA
2017-11-18 22:46:21,28-0315937bc3ff,board,13.562
2017-11-18 22:46:21,28-0315a4b625ff,external,NO-DATA
2017-11-18 22:46:21,28-0115926cbfff,one,NO-DATA
2017-11-18 22:56:22,28-0315937bc3ff,board,13.5
2017-11-18 22:56:22,28-0315a4b625ff,external,NO-DATA
2017-11-18 22:56:22,28-0115926cbfff,one,NO-DATA
2017-11-18 23:06:23,28-0315937bc3ff,board,13.5
2017-11-18 23:06:23,28-0315a4b625ff,external,NO-DATA
2017-11-18 23:06:23,28-0115926cbfff,one,NO-DATA
2017-11-18 23:16:24,28-0315937bc3ff,board,13.5
2017-11-18 23:16:24,28-0315a4b625ff,external,NO-DATA
2017-11-18 23:16:24,28-0115926cbfff,one,NO-DATA
2017-11-18 23:26:25,28-0315937bc3ff,board,13.437
2017-11-18 23:26:25,28-0315a4b625ff,external,NO-DATA
2017-11-18 23:26:25,28-0115926cbfff,one,NO-DATA
2017-11-18 23:36:26,28-0315937bc3ff,board,13.375
2017-11-18 23:36:26,28-0315a4b625ff,external,NO-DATA
2017-11-18 23:36:26,28-0115926cbfff,one,NO-DATA
2017-11-18 23:46:27,28-0315937bc3ff,board,13.375
2017-11-18 23:46:27,28-0315a4b625ff,external,NO-DATA
2017-11-18 23:46:27,28-0115926cbfff,one,NO-DATA
2017-11-18 23:56:28,28-0315937bc3ff,board,13.375
2017-11-18 23:56:28,28-0315a4b625ff,external,NO-DATA
2017-11-18 23:56:28,28-0115926cbfff,one,NO-DATA
2017-11-19 00:06:29,28-0315937bc3ff,board,13.312
2017-11-19 00:06:29,28-0315a4b625ff,external,NO-DATA
2017-11-19 00:06:29,28-0115926cbfff,one,NO-DATA
2017-11-19 00:16:30,28-0315937bc3ff,board,13.312
2017-11-19 00:16:30,28-0315a4b625ff,external,NO-DATA
2017-11-19 00:16:30,28-0115926cbfff,one,NO-DATA
2017-11-19 00:26:31,28-0315937bc3ff,board,13.312
2017-11-19 00:26:31,28-0315a4b625ff,external,NO-DATA
2017-11-19 00:26:31,28-0115926cbfff,one,NO-DATA
2017-11-19 00:36:31,28-0315937bc3ff,board,13.187
2017-11-19 00:36:31,28-0315a4b625ff,external,NO-DATA
2017-11-19 00:36:31,28-0115926cbfff,one,NO-DATA
2017-11-19 00:46:32,28-0315937bc3ff,board,13.187
2017-11-19 00:46:32,28-0315a4b625ff,external,NO-DATA
2017-11-19 00:46:32,28-0115926cbfff,one,NO-DATA
2017-11-19 00:56:33,28-0315937bc3ff,board,13.187
2017-11-19 00:56:33,28-0315a4b625ff,external,NO-DATA
2017-11-19 00:56:33,28-0115926cbfff,one,NO-DATA
2017-11-19 01:06:34,28-0315937bc3ff,board,13.187
2017-11-19 01:06:34,28-0315a4b625ff,external,NO-DATA
2017-11-19 01:06:34,28-0115926cbfff,one,NO-DATA
2017-11-19 01:16:35,28-0315937bc3ff,board,13.187
2017-11-19 01:16:35,28-0315a4b625ff,external,NO-DATA
2017-11-19 01:16:35,28-0115926cbfff,one,NO-DATA
2017-11-19 01:26:36,28-0315937bc3ff,board,13.125
2017-11-19 01:26:36,28-0315a4b625ff,external,NO-DATA
2017-11-19 01:26:36,28-0115926cbfff,one,NO-DATA
2017-11-19 01:36:37,28-0315937bc3ff,board,13.125
2017-11-19 01:36:37,28-0315a4b625ff,external,NO-DATA
2017-11-19 01:36:37,28-0115926cbfff,one,NO-DATA
2017-11-19 01:46:38,28-0315937bc3ff,board,13.125
2017-11-19 01:46:38,28-0315a4b625ff,external,NO-DATA
2017-11-19 01:46:38,28-0115926cbfff,one,NO-DATA
2017-11-19 01:56:39,28-0315937bc3ff,board,13.125
2017-11-19 01:56:39,28-0315a4b625ff,external,NO-DATA
2017-11-19 01:56:39,28-0115926cbfff,one,NO-DATA
2017-11-19 02:06:40,28-0315937bc3ff,board,13.062
2017-11-19 02:06:40,28-0315a4b625ff,external,NO-DATA
2017-11-19 02:06:40,28-0115926cbfff,one,NO-DATA
2017-11-19 02:16:41,28-0315937bc3ff,board,13.062
2017-11-19 02:16:41,28-0315a4b625ff,external,NO-DATA
2017-11-19 02:16:41,28-0115926cbfff,one,NO-DATA
2017-11-19 02:26:42,28-0315937bc3ff,board,13.062
2017-11-19 02:26:42,28-0315a4b625ff,external,NO-DATA
2017-11-19 02:26:42,28-0115926cbfff,one,NO-DATA
2017-11-19 02:36:42,28-0315937bc3ff,board,13.062
2017-11-19 02:36:42,28-0315a4b625ff,external,NO-DATA
2017-11-19 02:36:42,28-0115926cbfff,one,NO-DATA
2017-11-19 02:46:43,28-0315937bc3ff,board,13.0
2017-11-19 02:46:43,28-0315a4b625ff,external,NO-DATA
2017-11-19 02:46:43,28-0115926cbfff,one,NO-DATA
2017-11-19 02:56:44,28-0315937bc3ff,board,12.937
2017-11-19 02:56:44,28-0315a4b625ff,external,NO-DATA
2017-11-19 02:56:44,28-0115926cbfff,one,NO-DATA
2017-11-19 03:06:45,28-0315937bc3ff,board,12.875
2017-11-19 03:06:45,28-0315a4b625ff,external,NO-DATA
2017-11-19 03:06:45,28-0115926cbfff,one,NO-DATA
2017-11-19 03:16:46,28-0315937bc3ff,board,12.875
2017-11-19 03:16:46,28-0315a4b625ff,external,NO-DATA
2017-11-19 03:16:46,28-0115926cbfff,one,NO-DATA
2017-11-19 03:26:47,28-0315937bc3ff,board,12.812
2017-11-19 03:26:47,28-0315a4b625ff,external,NO-DATA
2017-11-19 03:26:47,28-0115926cbfff,one,NO-DATA
2017-11-19 03:36:48,28-0315937bc3ff,board,12.812
2017-11-19 03:36:48,28-0315a4b625ff,external,NO-DATA
2017-11-19 03:36:48,28-0115926cbfff,one,NO-DATA
2017-11-19 03:46:49,28-0315937bc3ff,board,12.812
2017-11-19 03:46:49,28-0315a4b625ff,external,NO-DATA
2017-11-19 03:46:49,28-0115926cbfff,one,NO-DATA
2017-11-19 03:56:50,28-0315937bc3ff,board,12.75
2017-11-19 03:56:50,28-0315a4b625ff,external,NO-DATA
2017-11-19 03:56:50,28-0115926cbfff,one,NO-DATA
2017-11-19 04:06:51,28-0315937bc3ff,board,12.687
2017-11-19 04:06:51,28-0315a4b625ff,external,NO-DATA
2017-11-19 04:06:51,28-0115926cbfff,one,NO-DATA
2017-11-19 04:16:52,28-0315937bc3ff,board,12.625
2017-11-19 04:16:52,28-0315a4b625ff,external,NO-DATA
2017-11-19 04:16:52,28-0115926cbfff,one,NO-DATA
2017-11-19 04:26:53,28-0315937bc3ff,board,12.625
2017-11-19 04:26:53,28-0315a4b625ff,external,NO-DATA
2017-11-19 04:26:53,28-0115926cbfff,one,NO-DATA
2017-11-19 04:36:54,28-0315937bc3ff,board,12.625
2017-11-19 04:36:54,28-0315a4b625ff,external,NO-DATA
2017-11-19 04:36:54,28-0115926cbfff,one,NO-DATA
2017-11-19 04:46:54,28-0315937bc3ff,board,12.625
2017-11-19 04:46:54,28-0315a4b625ff,external,NO-DATA
2017-11-19 04:46:54,28-0115926cbfff,one,NO-DATA
2017-11-19 04:56:55,28-0315937bc3ff,board,12.562
2017-11-19 04:56:55,28-0315a4b625ff,external,NO-DATA
2017-11-19 04:56:55,28-0115926cbfff,one,NO-DATA
2017-11-19 05:06:56,28-0315937bc3ff,board,12.562
2017-11-19 05:06:56,28-0315a4b625ff,external,NO-DATA
2017-11-19 05:06:56,28-0115926cbfff,one,NO-DATA
2017-11-19 05:16:57,28-0315937bc3ff,board,12.562
2017-11-19 05:16:57,28-0315a4b625ff,external,NO-DATA
2017-11-19 05:16:57,28-0115926cbfff,one,NO-DATA
2017-11-19 05:26:58,28-0315937bc3ff,board,12.5
2017-11-19 05:26:58,28-0315a4b625ff,external,NO-DATA
2017-11-19 05:26:58,28-0115926cbfff,one,NO-DATA
2017-11-19 05:36:59,28-0315937bc3ff,board,12.437
2017-11-19 05:36:59,28-0315a4b625ff,external,NO-DATA
2017-11-19 05:36:59,28-0115926cbfff,one,NO-DATA
2017-11-19 05:47:00,28-0315937bc3ff,board,12.437
2017-11-19 05:47:00,28-0315a4b625ff,external,NO-DATA
2017-11-19 05:47:00,28-0115926cbfff,one,NO-DATA
2017-11-19 05:57:01,28-0315937bc3ff,board,12.375
2017-11-19 05:57:01,28-0315a4b625ff,external,NO-DATA
2017-11-19 05:57:01,28-0115926cbfff,one,NO-DATA
2017-11-19 06:07:02,28-0315937bc3ff,board,12.375
2017-11-19 06:07:02,28-0315a4b625ff,external,NO-DATA
2017-11-19 06:07:02,28-0115926cbfff,one,NO-DATA
2017-11-19 06:17:03,28-0315937bc3ff,board,12.375
2017-11-19 06:17:03,28-0315a4b625ff,external,NO-DATA
2017-11-19 06:17:03,28-0115926cbfff,one,NO-DATA
2017-11-19 06:27:04,28-0315937bc3ff,board,12.437
2017-11-19 06:27:04,28-0315a4b625ff,external,NO-DATA
2017-11-19 06:27:04,28-0115926cbfff,one,NO-DATA
2017-11-19 06:37:05,28-0315937bc3ff,board,12.687
2017-11-19 06:37:05,28-0315a4b625ff,external,NO-DATA
2017-11-19 06:37:05,28-0115926cbfff,one,NO-DATA
2017-11-19 06:47:05,28-0315937bc3ff,board,12.812
2017-11-19 06:47:05,28-0315a4b625ff,external,NO-DATA
2017-11-19 06:47:05,28-0115926cbfff,one,NO-DATA
2017-11-19 06:57:06,28-0315937bc3ff,board,12.875
2017-11-19 06:57:06,28-0315a4b625ff,external,NO-DATA
2017-11-19 06:57:06,28-0115926cbfff,one,NO-DATA
2017-11-19 07:07:07,28-0315937bc3ff,board,13.0
2017-11-19 07:07:07,28-0315a4b625ff,external,NO-DATA
2017-11-19 07:07:07,28-0115926cbfff,one,NO-DATA
2017-11-19 07:17:08,28-0315937bc3ff,board,13.187
2017-11-19 07:17:08,28-0315a4b625ff,external,NO-DATA
2017-11-19 07:17:08,28-0115926cbfff,one,NO-DATA
2017-11-19 07:27:09,28-0315937bc3ff,board,13.312
2017-11-19 07:27:09,28-0315a4b625ff,external,NO-DATA
2017-11-19 07:27:09,28-0115926cbfff,one,NO-DATA
2017-11-19 07:37:10,28-0315937bc3ff,board,13.125
2017-11-19 07:37:10,28-0315a4b625ff,external,NO-DATA
2017-11-19 07:37:10,28-0115926cbfff,one,NO-DATA
2017-11-19 07:47:11,28-0315937bc3ff,board,13.062
2017-11-19 07:47:11,28-0315a4b625ff,external,NO-DATA
2017-11-19 07:47:11,28-0115926cbfff,one,NO-DATA
2017-11-19 07:57:12,28-0315937bc3ff,board,13.25
2017-11-19 07:57:12,28-0315a4b625ff,external,NO-DATA
2017-11-19 07:57:12,28-0115926cbfff,one,NO-DATA
2017-11-19 08:07:13,28-0315937bc3ff,board,13.937
2017-11-19 08:07:13,28-0315a4b625ff,external,NO-DATA
2017-11-19 08:07:13,28-0115926cbfff,one,NO-DATA
2017-11-19 08:17:14,28-0315937bc3ff,board,NO-DATA
2017-11-19 08:17:14,28-0315a4b625ff,external,NO-DATA
2017-11-19 08:17:14,28-0115926cbfff,one,NO-DATA
2017-11-19 08:27:14,28-0315937bc3ff,board,14.875
2017-11-19 08:27:14,28-0315a4b625ff,external,NO-DATA
2017-11-19 08:27:14,28-0115926cbfff,one,NO-DATA
2017-11-19 08:37:15,28-0315937bc3ff,board,14.937
2017-11-19 08:37:15,28-0315a4b625ff,external,1.125
2017-11-19 08:37:15,28-0115926cbfff,one,NO-DATA
2017-11-19 08:47:16,28-0315937bc3ff,board,13.812
2017-11-19 08:47:16,28-0315a4b625ff,external,2.437
2017-11-19 08:47:16,28-0115926cbfff,one,NO-DATA
2017-11-19 08:57:18,28-0315937bc3ff,board,13.125
2017-11-19 08:57:18,28-0315a4b625ff,external,1.687
2017-11-19 08:57:18,28-0115926cbfff,one,NO-DATA
2017-11-19 09:07:20,28-0315937bc3ff,board,12.25
2017-11-19 09:07:20,28-0315a4b625ff,external,1.5
2017-11-19 09:07:20,28-0115926cbfff,one,NO-DATA
2017-11-19 09:17:22,28-0315937bc3ff,board,12.75
2017-11-19 09:17:22,28-0315a4b625ff,external,1.375
2017-11-19 09:17:22,28-0115926cbfff,one,NO-DATA
2017-11-19 09:27:23,28-0315937bc3ff,board,12.875
2017-11-19 09:27:23,28-0315a4b625ff,external,1.437
2017-11-19 09:27:23,28-0115926cbfff,one,NO-DATA
2017-11-19 09:37:25,28-0315937bc3ff,board,13.187
2017-11-19 09:37:25,28-0315a4b625ff,external,1.437
2017-11-19 09:37:25,28-0115926cbfff,one,NO-DATA
2017-11-19 09:47:27,28-0315937bc3ff,board,13.562
2017-11-19 09:47:27,28-0315a4b625ff,external,1.375
2017-11-19 09:47:27,28-0115926cbfff,one,NO-DATA
2017-11-19 09:57:29,28-0315937bc3ff,board,14.062
2017-11-19 09:57:29,28-0315a4b625ff,external,1.187
2017-11-19 09:57:29,28-0115926cbfff,one,NO-DATA
2017-11-19 10:07:30,28-0315937bc3ff,board,14.187
2017-11-19 10:07:30,28-0315a4b625ff,external,1.187
2017-11-19 10:07:30,28-0115926cbfff,one,NO-DATA
2017-11-19 10:17:32,28-0315937bc3ff,board,13.875
2017-11-19 10:17:32,28-0315a4b625ff,external,1.5
2017-11-19 10:17:32,28-0115926cbfff,one,NO-DATA
2017-11-19 10:27:34,28-0315937bc3ff,board,13.5
2017-11-19 10:27:34,28-0315a4b625ff,external,1.562
2017-11-19 10:27:34,28-0115926cbfff,one,NO-DATA
2017-11-19 10:37:36,28-0315937bc3ff,board,13.125
2017-11-19 10:37:36,28-0315a4b625ff,external,1.75
2017-11-19 10:37:36,28-0115926cbfff,one,NO-DATA
2017-11-19 10:47:37,28-0315937bc3ff,board,12.562
2017-11-19 10:47:37,28-0315a4b625ff,external,1.062
2017-11-19 10:47:37,28-0115926cbfff,one,NO-DATA
2017-11-19 10:57:39,28-0315937bc3ff,board,13.062
2017-11-19 10:57:39,28-0315a4b625ff,external,1.312
2017-11-19 10:57:39,28-0115926cbfff,one,NO-DATA
2017-11-19 11:07:41,28-0315937bc3ff,board,13.062
2017-11-19 11:07:41,28-0315a4b625ff,external,1.375
2017-11-19 11:07:41,28-0115926cbfff,one,NO-DATA
2017-11-19 11:17:43,28-0315937bc3ff,board,12.75
2017-11-19 11:17:43,28-0315a4b625ff,external,1.187
2017-11-19 11:17:43,28-0115926cbfff,one,NO-DATA
2017-11-19 11:27:44,28-0315937bc3ff,board,12.5
2017-11-19 11:27:44,28-0315a4b625ff,external,1.125
2017-11-19 11:27:44,28-0115926cbfff,one,NO-DATA
2017-11-19 11:37:46,28-0315937bc3ff,board,12.062
2017-11-19 11:37:46,28-0315a4b625ff,external,1.0
2017-11-19 11:37:46,28-0115926cbfff,one,NO-DATA
2017-11-19 11:47:48,28-0315937bc3ff,board,11.0
2017-11-19 11:47:48,28-0315a4b625ff,external,2.25
2017-11-19 11:47:48,28-0115926cbfff,one,NO-DATA
2017-11-19 11:57:50,28-0315937bc3ff,board,12.5
2017-11-19 11:57:50,28-0315a4b625ff,external,1.75
2017-11-19 11:57:50,28-0115926cbfff,one,NO-DATA
2017-11-19 12:07:51,28-0315937bc3ff,board,13.312
2017-11-19 12:07:51,28-0315a4b625ff,external,1.75
2017-11-19 12:07:51,28-0115926cbfff,one,NO-DATA
2017-11-19 12:17:53,28-0315937bc3ff,board,13.812
2017-11-19 12:17:53,28-0315a4b625ff,external,1.562
2017-11-19 12:17:53,28-0115926cbfff,one,NO-DATA
2017-11-19 12:27:55,28-0315937bc3ff,board,14.187
2017-11-19 12:27:55,28-0315a4b625ff,external,1.5
2017-11-19 12:27:55,28-0115926cbfff,one,NO-DATA
2017-11-19 12:37:57,28-0315937bc3ff,board,14.562
2017-11-19 12:37:57,28-0315a4b625ff,external,1.375
2017-11-19 12:37:57,28-0115926cbfff,one,NO-DATA
2017-11-19 12:47:58,28-0315937bc3ff,board,14.875
2017-11-19 12:47:58,28-0315a4b625ff,external,1.312
2017-11-19 12:47:58,28-0115926cbfff,one,NO-DATA
2017-11-19 12:58:00,28-0315937bc3ff,board,15.687
2017-11-19 12:58:00,28-0315a4b625ff,external,1.25
2017-11-19 12:58:00,28-0115926cbfff,one,NO-DATA
2017-11-19 13:08:02,28-0315937bc3ff,board,15.625
2017-11-19 13:08:02,28-0315a4b625ff,external,1.125
2017-11-19 13:08:02,28-0115926cbfff,one,NO-DATA
2017-11-19 13:18:04,28-0315937bc3ff,board,15.375
2017-11-19 13:18:04,28-0315a4b625ff,external,1.125
2017-11-19 13:18:04,28-0115926cbfff,one,NO-DATA
2017-11-19 13:28:05,28-0315937bc3ff,board,15.25
2017-11-19 13:28:05,28-0315a4b625ff,external,1.0
2017-11-19 13:28:05,28-0115926cbfff,one,NO-DATA
2017-11-19 13:38:07,28-0315937bc3ff,board,15.187
2017-11-19 13:38:07,28-0315a4b625ff,external,0.875
2017-11-19 13:38:07,28-0115926cbfff,one,NO-DATA
2017-11-19 13:48:09,28-0315937bc3ff,board,14.937
2017-11-19 13:48:09,28-0315a4b625ff,external,0.687
2017-11-19 13:48:09,28-0115926cbfff,one,NO-DATA
2017-11-19 13:58:11,28-0315937bc3ff,board,14.937
2017-11-19 13:58:11,28-0315a4b625ff,external,0.625
2017-11-19 13:58:11,28-0115926cbfff,one,NO-DATA
2017-11-19 14:08:12,28-0315937bc3ff,board,15.125
2017-11-19 14:08:12,28-0315a4b625ff,external,0.562
2017-11-19 14:08:12,28-0115926cbfff,one,NO-DATA
2017-11-19 14:18:14,28-0315937bc3ff,board,15.125
2017-11-19 14:18:14,28-0315a4b625ff,external,0.437
2017-11-19 14:18:14,28-0115926cbfff,one,NO-DATA
2017-11-19 14:28:16,28-0315937bc3ff,board,14.062
2017-11-19 14:28:16,28-0315a4b625ff,external,0.5
2017-11-19 14:28:16,28-0115926cbfff,one,NO-DATA
2017-11-19 14:38:18,28-0315937bc3ff,board,14.437
2017-11-19 14:38:18,28-0315a4b625ff,external,0.5
2017-11-19 14:38:18,28-0115926cbfff,one,NO-DATA
2017-11-19 14:48:19,28-0315937bc3ff,board,14.562
2017-11-19 14:48:19,28-0315a4b625ff,external,0.437
2017-11-19 14:48:19,28-0115926cbfff,one,NO-DATA
2017-11-19 14:58:21,28-0315937bc3ff,board,14.625
2017-11-19 14:58:21,28-0315a4b625ff,external,0.437
2017-11-19 14:58:21,28-0115926cbfff,one,NO-DATA
2017-11-19 15:08:23,28-0315937bc3ff,board,14.375
2017-11-19 15:08:23,28-0315a4b625ff,external,0.375
2017-11-19 15:08:23,28-0115926cbfff,one,NO-DATA
2017-11-19 15:18:25,28-0315937bc3ff,board,14.437
2017-11-19 15:18:25,28-0315a4b625ff,external,0.312
2017-11-19 15:18:25,28-0115926cbfff,one,NO-DATA
2017-11-19 15:28:26,28-0315937bc3ff,board,14.25
2017-11-19 15:28:26,28-0315a4b625ff,external,0.25
2017-11-19 15:28:26,28-0115926cbfff,one,NO-DATA
2017-11-19 15:38:28,28-0315937bc3ff,board,14.437
2017-11-19 15:38:28,28-0315a4b625ff,external,0.187
2017-11-19 15:38:28,28-0115926cbfff,one,NO-DATA
2017-11-19 15:48:30,28-0315937bc3ff,board,14.5
2017-11-19 15:48:30,28-0315a4b625ff,external,0.187
2017-11-19 15:48:30,28-0115926cbfff,one,NO-DATA
2017-11-19 15:58:32,28-0315937bc3ff,board,14.625
2017-11-19 15:58:32,28-0315a4b625ff,external,0.187
2017-11-19 15:58:32,28-0115926cbfff,one,NO-DATA
2017-11-19 16:08:33,28-0315937bc3ff,board,14.625
2017-11-19 16:08:33,28-0315a4b625ff,external,0.187
2017-11-19 16:08:33,28-0115926cbfff,one,NO-DATA
2017-11-19 16:18:35,28-0315937bc3ff,board,14.5
2017-11-19 16:18:35,28-0315a4b625ff,external,0.25
2017-11-19 16:18:35,28-0115926cbfff,one,NO-DATA
2017-11-19 16:28:37,28-0315937bc3ff,board,14.437
2017-11-19 16:28:37,28-0315a4b625ff,external,0.187
2017-11-19 16:28:37,28-0115926cbfff,one,NO-DATA
2017-11-19 16:38:39,28-0315937bc3ff,board,14.437
2017-11-19 16:38:39,28-0315a4b625ff,external,0.187
2017-11-19 16:38:39,28-0115926cbfff,one,NO-DATA
2017-11-19 16:48:40,28-0315937bc3ff,board,14.375
2017-11-19 16:48:40,28-0315a4b625ff,external,0.312
2017-11-19 16:48:40,28-0115926cbfff,one,NO-DATA
2017-11-19 16:58:42,28-0315937bc3ff,board,14.312
2017-11-19 16:58:42,28-0315a4b625ff,external,0.437
2017-11-19 16:58:42,28-0115926cbfff,one,NO-DATA
2017-11-19 17:08:44,28-0315937bc3ff,board,14.312
2017-11-19 17:08:44,28-0315a4b625ff,external,0.5
2017-11-19 17:08:44,28-0115926cbfff,one,NO-DATA
2017-11-19 17:18:46,28-0315937bc3ff,board,14.25
2017-11-19 17:18:46,28-0315a4b625ff,external,0.437
2017-11-19 17:18:46,28-0115926cbfff,one,NO-DATA
2017-11-19 17:28:47,28-0315937bc3ff,board,14.187
2017-11-19 17:28:47,28-0315a4b625ff,external,0.312
2017-11-19 17:28:47,28-0115926cbfff,one,NO-DATA
2017-11-19 17:38:49,28-0315937bc3ff,board,14.187
2017-11-19 17:38:49,28-0315a4b625ff,external,0.187
2017-11-19 17:38:49,28-0115926cbfff,one,NO-DATA
2017-11-19 17:48:51,28-0315937bc3ff,board,14.062
2017-11-19 17:48:51,28-0315a4b625ff,external,0.125
2017-11-19 17:48:51,28-0115926cbfff,one,NO-DATA
2017-11-19 17:58:54,28-0315937bc3ff,board,14.062
2017-11-19 17:58:54,28-0315a4b625ff,external,0.0
2017-11-19 17:58:54,28-0115926cbfff,one,NO-DATA
2017-11-19 18:08:55,28-0315937bc3ff,board,14.0
2017-11-19 18:08:55,28-0315a4b625ff,external,-0.062
2017-11-19 18:08:55,28-0115926cbfff,one,NO-DATA
2017-11-19 18:18:57,28-0315937bc3ff,board,13.937
2017-11-19 18:18:57,28-0315a4b625ff,external,-0.125
2017-11-19 18:18:57,28-0115926cbfff,one,NO-DATA
2017-11-19 18:28:59,28-0315937bc3ff,board,13.875
2017-11-19 18:28:59,28-0315a4b625ff,external,-0.125
2017-11-19 18:28:59,28-0115926cbfff,one,NO-DATA
2017-11-19 18:39:01,28-0315937bc3ff,board,13.812
2017-11-19 18:39:01,28-0315a4b625ff,external,-0.125
2017-11-19 18:39:01,28-0115926cbfff,one,NO-DATA
2017-11-19 18:49:02,28-0315937bc3ff,board,13.75
2017-11-19 18:49:02,28-0315a4b625ff,external,-0.187
2017-11-19 18:49:02,28-0115926cbfff,one,NO-DATA
2017-11-19 18:59:04,28-0315937bc3ff,board,13.75
2017-11-19 18:59:04,28-0315a4b625ff,external,-0.375
2017-11-19 18:59:04,28-0115926cbfff,one,NO-DATA
2017-11-19 19:09:06,28-0315937bc3ff,board,13.687
2017-11-19 19:09:06,28-0315a4b625ff,external,-0.375
2017-11-19 19:09:06,28-0115926cbfff,one,NO-DATA
2017-11-19 19:19:08,28-0315937bc3ff,board,13.625
2017-11-19 19:19:08,28-0315a4b625ff,external,-0.437
2017-11-19 19:19:08,28-0115926cbfff,one,NO-DATA
2017-11-19 19:29:09,28-0315937bc3ff,board,13.562
2017-11-19 19:29:09,28-0315a4b625ff,external,-0.437
2017-11-19 19:29:09,28-0115926cbfff,one,NO-DATA
2017-11-19 19:39:11,28-0315937bc3ff,board,13.5
2017-11-19 19:39:11,28-0315a4b625ff,external,-0.437
2017-11-19 19:39:11,28-0115926cbfff,one,NO-DATA
2017-11-19 19:49:13,28-0315937bc3ff,board,13.5
2017-11-19 19:49:13,28-0315a4b625ff,external,-0.562
2017-11-19 19:49:13,28-0115926cbfff,one,NO-DATA
2017-11-19 19:59:15,28-0315937bc3ff,board,13.437
2017-11-19 19:59:15,28-0315a4b625ff,external,-0.687
2017-11-19 19:59:15,28-0115926cbfff,one,NO-DATA
2017-11-19 20:09:16,28-0315937bc3ff,board,13.375
2017-11-19 20:09:16,28-0315a4b625ff,external,-0.75
2017-11-19 20:09:16,28-0115926cbfff,one,NO-DATA
2017-11-19 20:19:18,28-0315937bc3ff,board,13.312
2017-11-19 20:19:18,28-0315a4b625ff,external,-0.75
2017-11-19 20:19:18,28-0115926cbfff,one,NO-DATA
2017-11-19 20:29:20,28-0315937bc3ff,board,13.187
2017-11-19 20:29:20,28-0315a4b625ff,external,-0.687
2017-11-19 20:29:20,28-0115926cbfff,one,NO-DATA
2017-11-19 20:39:22,28-0315937bc3ff,board,13.125
2017-11-19 20:39:22,28-0315a4b625ff,external,-0.687
2017-11-19 20:39:22,28-0115926cbfff,one,NO-DATA
2017-11-19 20:49:23,28-0315937bc3ff,board,13.125
2017-11-19 20:49:23,28-0315a4b625ff,external,-0.625
2017-11-19 20:49:23,28-0115926cbfff,one,NO-DATA
2017-11-19 20:59:25,28-0315937bc3ff,board,13.062
2017-11-19 20:59:25,28-0315a4b625ff,external,-0.562
2017-11-19 20:59:25,28-0115926cbfff,one,NO-DATA
2017-11-19 21:09:27,28-0315937bc3ff,board,13.062
2017-11-19 21:09:27,28-0315a4b625ff,external,-0.5
2017-11-19 21:09:27,28-0115926cbfff,one,NO-DATA
2017-11-19 21:19:29,28-0315937bc3ff,board,13.0
2017-11-19 21:19:29,28-0315a4b625ff,external,-0.437
2017-11-19 21:19:29,28-0115926cbfff,one,NO-DATA
2017-11-19 21:29:30,28-0315937bc3ff,board,12.937
2017-11-19 21:29:30,28-0315a4b625ff,external,-0.375
2017-11-19 21:29:30,28-0115926cbfff,one,NO-DATA
2017-11-19 21:39:32,28-0315937bc3ff,board,12.875
2017-11-19 21:39:32,28-0315a4b625ff,external,-0.312
2017-11-19 21:39:32,28-0115926cbfff,one,NO-DATA
2017-11-19 21:49:34,28-0315937bc3ff,board,12.812
2017-11-19 21:49:34,28-0315a4b625ff,external,-0.562
2017-11-19 21:49:34,28-0115926cbfff,one,NO-DATA
2017-11-19 21:59:36,28-0315937bc3ff,board,12.812
2017-11-19 21:59:36,28-0315a4b625ff,external,-0.562
2017-11-19 21:59:36,28-0115926cbfff,one,NO-DATA
2017-11-19 22:09:37,28-0315937bc3ff,board,12.75
2017-11-19 22:09:37,28-0315a4b625ff,external,-0.562
2017-11-19 22:09:37,28-0115926cbfff,one,NO-DATA
2017-11-19 22:19:39,28-0315937bc3ff,board,12.75
2017-11-19 22:19:39,28-0315a4b625ff,external,-0.812
2017-11-19 22:19:39,28-0115926cbfff,one,NO-DATA
2017-11-19 22:29:41,28-0315937bc3ff,board,12.687
2017-11-19 22:29:41,28-0315a4b625ff,external,-1.125
2017-11-19 22:29:41,28-0115926cbfff,one,NO-DATA
2017-11-19 22:39:43,28-0315937bc3ff,board,12.625
2017-11-19 22:39:43,28-0315a4b625ff,external,-1.25
2017-11-19 22:39:43,28-0115926cbfff,one,NO-DATA
2017-11-19 22:49:44,28-0315937bc3ff,board,12.562
2017-11-19 22:49:44,28-0315a4b625ff,external,-1.25
2017-11-19 22:49:44,28-0115926cbfff,one,NO-DATA
2017-11-19 22:59:46,28-0315937bc3ff,board,12.5
2017-11-19 22:59:46,28-0315a4b625ff,external,-1.312
2017-11-19 22:59:46,28-0115926cbfff,one,NO-DATA
2017-11-19 23:09:48,28-0315937bc3ff,board,12.437
2017-11-19 23:09:48,28-0315a4b625ff,external,-1.312
2017-11-19 23:09:48,28-0115926cbfff,one,NO-DATA
2017-11-19 23:19:50,28-0315937bc3ff,board,12.375
2017-11-19 23:19:50,28-0315a4b625ff,external,-1.25
2017-11-19 23:19:50,28-0115926cbfff,one,NO-DATA
2017-11-19 23:29:51,28-0315937bc3ff,board,12.312
2017-11-19 23:29:51,28-0315a4b625ff,external,-1.187
2017-11-19 23:29:51,28-0115926cbfff,one,NO-DATA
2017-11-19 23:39:53,28-0315937bc3ff,board,12.25
2017-11-19 23:39:53,28-0315a4b625ff,external,-1.25
2017-11-19 23:39:53,28-0115926cbfff,one,NO-DATA
2017-11-19 23:49:55,28-0315937bc3ff,board,12.25
2017-11-19 23:49:55,28-0315a4b625ff,external,-1.312
2017-11-19 23:49:55,28-0115926cbfff,one,NO-DATA
2017-11-19 23:59:57,28-0315937bc3ff,board,12.187
2017-11-19 23:59:57,28-0315a4b625ff,external,-1.062
2017-11-19 23:59:57,28-0115926cbfff,one,NO-DATA
2017-11-20 00:09:59,28-0315937bc3ff,board,12.125
2017-11-20 00:09:59,28-0315a4b625ff,external,-0.812
2017-11-20 00:09:59,28-0115926cbfff,one,NO-DATA
2017-11-20 00:20:00,28-0315937bc3ff,board,12.0
2017-11-20 00:20:00,28-0315a4b625ff,external,-0.812
2017-11-20 00:20:00,28-0115926cbfff,one,NO-DATA
2017-11-20 00:30:02,28-0315937bc3ff,board,12.0
2017-11-20 00:30:02,28-0315a4b625ff,external,-0.687
2017-11-20 00:30:02,28-0115926cbfff,one,NO-DATA
2017-11-20 00:40:04,28-0315937bc3ff,board,11.937
2017-11-20 00:40:04,28-0315a4b625ff,external,-0.687
2017-11-20 00:40:04,28-0115926cbfff,one,NO-DATA
2017-11-20 00:50:06,28-0315937bc3ff,board,11.875
2017-11-20 00:50:06,28-0315a4b625ff,external,-0.625
2017-11-20 00:50:06,28-0115926cbfff,one,NO-DATA
2017-11-20 01:00:07,28-0315937bc3ff,board,11.875
2017-11-20 01:00:07,28-0315a4b625ff,external,-0.75
2017-11-20 01:00:07,28-0115926cbfff,one,NO-DATA
2017-11-20 01:10:09,28-0315937bc3ff,board,11.812
2017-11-20 01:10:09,28-0315a4b625ff,external,-0.75
2017-11-20 01:10:09,28-0115926cbfff,one,NO-DATA
2017-11-20 01:20:11,28-0315937bc3ff,board,11.75
2017-11-20 01:20:11,28-0315a4b625ff,external,-0.812
2017-11-20 01:20:11,28-0115926cbfff,one,NO-DATA
2017-11-20 01:30:13,28-0315937bc3ff,board,11.687
2017-11-20 01:30:13,28-0315a4b625ff,external,-0.812
2017-11-20 01:30:13,28-0115926cbfff,one,NO-DATA
2017-11-20 01:40:14,28-0315937bc3ff,board,11.687
2017-11-20 01:40:14,28-0315a4b625ff,external,-0.875
2017-11-20 01:40:14,28-0115926cbfff,one,NO-DATA
2017-11-20 01:50:16,28-0315937bc3ff,board,11.687
2017-11-20 01:50:16,28-0315a4b625ff,external,-1.187
2017-11-20 01:50:16,28-0115926cbfff,one,NO-DATA
2017-11-20 02:00:18,28-0315937bc3ff,board,11.625
2017-11-20 02:00:18,28-0315a4b625ff,external,-1.312
2017-11-20 02:00:18,28-0115926cbfff,one,NO-DATA
2017-11-20 02:10:20,28-0315937bc3ff,board,11.625
2017-11-20 02:10:20,28-0315a4b625ff,external,-1.312
2017-11-20 02:10:20,28-0115926cbfff,one,NO-DATA
2017-11-20 02:20:21,28-0315937bc3ff,board,11.562
2017-11-20 02:20:21,28-0315a4b625ff,external,-1.5
2017-11-20 02:20:21,28-0115926cbfff,one,NO-DATA
2017-11-20 02:30:23,28-0315937bc3ff,board,11.5
2017-11-20 02:30:23,28-0315a4b625ff,external,-1.562
2017-11-20 02:30:23,28-0115926cbfff,one,NO-DATA
2017-11-20 02:40:25,28-0315937bc3ff,board,11.437
2017-11-20 02:40:25,28-0315a4b625ff,external,-1.437
2017-11-20 02:40:25,28-0115926cbfff,one,NO-DATA
2017-11-20 02:50:27,28-0315937bc3ff,board,11.437
2017-11-20 02:50:27,28-0315a4b625ff,external,-1.375
2017-11-20 02:50:27,28-0115926cbfff,one,NO-DATA
2017-11-20 03:00:28,28-0315937bc3ff,board,11.375
2017-11-20 03:00:28,28-0315a4b625ff,external,-1.312
2017-11-20 03:00:28,28-0115926cbfff,one,NO-DATA
2017-11-20 03:10:30,28-0315937bc3ff,board,11.312
2017-11-20 03:10:30,28-0315a4b625ff,external,-1.187
2017-11-20 03:10:30,28-0115926cbfff,one,NO-DATA
2017-11-20 03:20:32,28-0315937bc3ff,board,11.312
2017-11-20 03:20:32,28-0315a4b625ff,external,-1.125
2017-11-20 03:20:32,28-0115926cbfff,one,NO-DATA
2017-11-20 03:30:34,28-0315937bc3ff,board,11.25
2017-11-20 03:30:34,28-0315a4b625ff,external,-1.125
2017-11-20 03:30:34,28-0115926cbfff,one,NO-DATA
2017-11-20 03:40:35,28-0315937bc3ff,board,11.25
2017-11-20 03:40:35,28-0315a4b625ff,external,-1.25
2017-11-20 03:40:35,28-0115926cbfff,one,NO-DATA
2017-11-20 03:50:37,28-0315937bc3ff,board,11.187
2017-11-20 03:50:37,28-0315a4b625ff,external,-1.375
2017-11-20 03:50:37,28-0115926cbfff,one,NO-DATA
2017-11-20 04:00:39,28-0315937bc3ff,board,11.187
2017-11-20 04:00:39,28-0315a4b625ff,external,-1.375
2017-11-20 04:00:39,28-0115926cbfff,one,NO-DATA
2017-11-20 04:10:41,28-0315937bc3ff,board,11.125
2017-11-20 04:10:41,28-0315a4b625ff,external,-1.312
2017-11-20 04:10:41,28-0115926cbfff,one,NO-DATA
2017-11-20 04:20:42,28-0315937bc3ff,board,11.125
2017-11-20 04:20:42,28-0315a4b625ff,external,-1.375
2017-11-20 04:20:42,28-0115926cbfff,one,NO-DATA
2017-11-20 04:30:44,28-0315937bc3ff,board,11.062
2017-11-20 04:30:44,28-0315a4b625ff,external,-1.375
2017-11-20 04:30:44,28-0115926cbfff,one,NO-DATA
2017-11-20 04:40:46,28-0315937bc3ff,board,11.062
2017-11-20 04:40:46,28-0315a4b625ff,external,-1.375
2017-11-20 04:40:46,28-0115926cbfff,one,NO-DATA
2017-11-20 04:50:48,28-0315937bc3ff,board,11.0
2017-11-20 04:50:48,28-0315a4b625ff,external,-1.375
2017-11-20 04:50:48,28-0115926cbfff,one,NO-DATA
2017-11-20 05:00:49,28-0315937bc3ff,board,10.937
2017-11-20 05:00:49,28-0315a4b625ff,external,-1.25
2017-11-20 05:00:49,28-0115926cbfff,one,NO-DATA
2017-11-20 05:10:51,28-0315937bc3ff,board,10.937
2017-11-20 05:10:51,28-0315a4b625ff,external,-1.187
2017-11-20 05:10:51,28-0115926cbfff,one,NO-DATA
2017-11-20 05:20:53,28-0315937bc3ff,board,10.875
2017-11-20 05:20:53,28-0315a4b625ff,external,-1.187
2017-11-20 05:20:53,28-0115926cbfff,one,NO-DATA
2017-11-20 05:30:55,28-0315937bc3ff,board,10.875
2017-11-20 05:30:55,28-0315a4b625ff,external,-1.187
2017-11-20 05:30:55,28-0115926cbfff,one,NO-DATA
2017-11-20 05:40:56,28-0315937bc3ff,board,10.812
2017-11-20 05:40:56,28-0315a4b625ff,external,-1.125
2017-11-20 05:40:56,28-0115926cbfff,one,NO-DATA
2017-11-20 05:50:58,28-0315937bc3ff,board,10.75
2017-11-20 05:50:58,28-0315a4b625ff,external,-1.0
2017-11-20 05:50:58,28-0115926cbfff,one,NO-DATA
2017-11-20 06:01:00,28-0315937bc3ff,board,10.75
2017-11-20 06:01:00,28-0315a4b625ff,external,-0.937
2017-11-20 06:01:00,28-0115926cbfff,one,NO-DATA
2017-11-20 06:11:02,28-0315937bc3ff,board,10.75
2017-11-20 06:11:02,28-0315a4b625ff,external,-0.812
2017-11-20 06:11:02,28-0115926cbfff,one,NO-DATA
2017-11-20 06:21:03,28-0315937bc3ff,board,10.687
2017-11-20 06:21:03,28-0315a4b625ff,external,-0.75
2017-11-20 06:21:03,28-0115926cbfff,one,NO-DATA
2017-11-20 06:31:05,28-0315937bc3ff,board,10.625
2017-11-20 06:31:05,28-0315a4b625ff,external,-0.625
2017-11-20 06:31:05,28-0115926cbfff,one,NO-DATA
2017-11-20 06:41:07,28-0315937bc3ff,board,10.562
2017-11-20 06:41:07,28-0315a4b625ff,external,-0.625
2017-11-20 06:41:07,28-0115926cbfff,one,NO-DATA
2017-11-20 06:51:09,28-0315937bc3ff,board,10.562
2017-11-20 06:51:09,28-0315a4b625ff,external,-0.5
2017-11-20 06:51:09,28-0115926cbfff,one,NO-DATA
2017-11-20 07:01:11,28-0315937bc3ff,board,10.5
2017-11-20 07:01:11,28-0315a4b625ff,external,-0.5
2017-11-20 07:01:11,28-0115926cbfff,one,NO-DATA
2017-11-20 07:11:13,28-0315937bc3ff,board,10.437
2017-11-20 07:11:13,28-0315a4b625ff,external,-0.437
2017-11-20 07:11:13,28-0115926cbfff,one,NO-DATA
2017-11-20 07:21:15,28-0315937bc3ff,board,10.375
2017-11-20 07:21:15,28-0315a4b625ff,external,-0.562
2017-11-20 07:21:15,28-0115926cbfff,one,NO-DATA
2017-11-20 07:31:16,28-0315937bc3ff,board,10.312
2017-11-20 07:31:16,28-0315a4b625ff,external,-0.625
2017-11-20 07:31:16,28-0115926cbfff,one,NO-DATA
2017-11-20 07:41:18,28-0315937bc3ff,board,10.25
2017-11-20 07:41:18,28-0315a4b625ff,external,-0.437
2017-11-20 07:41:18,28-0115926cbfff,one,NO-DATA
2017-11-20 07:51:20,28-0315937bc3ff,board,10.187
2017-11-20 07:51:20,28-0315a4b625ff,external,-0.437
2017-11-20 07:51:20,28-0115926cbfff,one,NO-DATA
2017-11-20 08:01:22,28-0315937bc3ff,board,10.187
2017-11-20 08:01:22,28-0315a4b625ff,external,0.125
2017-11-20 08:01:22,28-0115926cbfff,one,NO-DATA
2017-11-20 08:11:23,28-0315937bc3ff,board,10.125
2017-11-20 08:11:23,28-0315a4b625ff,external,0.437
2017-11-20 08:11:23,28-0115926cbfff,one,NO-DATA
2017-11-20 08:21:25,28-0315937bc3ff,board,10.062
2017-11-20 08:21:25,28-0315a4b625ff,external,0.375
2017-11-20 08:21:25,28-0115926cbfff,one,NO-DATA
2017-11-20 08:31:27,28-0315937bc3ff,board,10.0
2017-11-20 08:31:27,28-0315a4b625ff,external,0.312
2017-11-20 08:31:27,28-0115926cbfff,one,NO-DATA
2017-11-20 08:41:29,28-0315937bc3ff,board,9.937
2017-11-20 08:41:29,28-0315a4b625ff,external,0.25
2017-11-20 08:41:29,28-0115926cbfff,one,NO-DATA
2017-11-20 08:51:31,28-0315937bc3ff,board,9.937
2017-11-20 08:51:31,28-0315a4b625ff,external,0.312
2017-11-20 08:51:31,28-0115926cbfff,one,NO-DATA
2017-11-20 09:01:33,28-0315937bc3ff,board,9.937
2017-11-20 09:01:33,28-0315a4b625ff,external,0.187
2017-11-20 09:01:33,28-0115926cbfff,one,NO-DATA
2017-11-20 09:11:35,28-0315937bc3ff,board,9.812
2017-11-20 09:11:35,28-0315a4b625ff,external,0.687
2017-11-20 09:11:35,28-0115926cbfff,one,NO-DATA
2017-11-20 09:21:37,28-0315937bc3ff,board,9.812
2017-11-20 09:21:37,28-0315a4b625ff,external,0.562
2017-11-20 09:21:37,28-0115926cbfff,one,NO-DATA
2017-11-20 09:31:39,28-0315937bc3ff,board,9.75
2017-11-20 09:31:39,28-0315a4b625ff,external,0.375
2017-11-20 09:31:39,28-0115926cbfff,one,NO-DATA
2017-11-20 09:41:41,28-0315937bc3ff,board,9.687
2017-11-20 09:41:41,28-0315a4b625ff,external,0.687
2017-11-20 09:41:41,28-0115926cbfff,one,NO-DATA
2017-11-20 09:51:42,28-0315937bc3ff,board,9.687
2017-11-20 09:51:42,28-0315a4b625ff,external,1.625
2017-11-20 09:51:42,28-0115926cbfff,one,NO-DATA
2017-11-20 10:01:44,28-0315937bc3ff,board,9.687
2017-11-20 10:01:44,28-0315a4b625ff,external,1.812
2017-11-20 10:01:44,28-0115926cbfff,one,NO-DATA
2017-11-20 10:11:46,28-0315937bc3ff,board,9.687
2017-11-20 10:11:46,28-0315a4b625ff,external,1.937
2017-11-20 10:11:46,28-0115926cbfff,one,NO-DATA
2017-11-20 10:21:48,28-0315937bc3ff,board,9.625
2017-11-20 10:21:48,28-0315a4b625ff,external,2.0
2017-11-20 10:21:48,28-0115926cbfff,one,NO-DATA
2017-11-20 10:31:49,28-0315937bc3ff,board,9.625
2017-11-20 10:31:49,28-0315a4b625ff,external,1.687
2017-11-20 10:31:49,28-0115926cbfff,one,NO-DATA
2017-11-20 10:41:51,28-0315937bc3ff,board,9.625
2017-11-20 10:41:51,28-0315a4b625ff,external,1.312
2017-11-20 10:41:51,28-0115926cbfff,one,NO-DATA
2017-11-20 10:51:53,28-0315937bc3ff,board,9.562
2017-11-20 10:51:53,28-0315a4b625ff,external,0.875
2017-11-20 10:51:53,28-0115926cbfff,one,NO-DATA
2017-11-20 11:01:55,28-0315937bc3ff,board,9.562
2017-11-20 11:01:55,28-0315a4b625ff,external,0.75
2017-11-20 11:01:55,28-0115926cbfff,one,NO-DATA
2017-11-20 11:11:56,28-0315937bc3ff,board,9.562
2017-11-20 11:11:56,28-0315a4b625ff,external,1.062
2017-11-20 11:11:56,28-0115926cbfff,one,NO-DATA
2017-11-20 11:21:58,28-0315937bc3ff,board,9.5
2017-11-20 11:21:58,28-0315a4b625ff,external,0.812
2017-11-20 11:21:58,28-0115926cbfff,one,NO-DATA
2017-11-20 11:32:00,28-0315937bc3ff,board,9.5
2017-11-20 11:32:00,28-0315a4b625ff,external,0.75
2017-11-20 11:32:00,28-0115926cbfff,one,NO-DATA
2017-11-20 11:42:02,28-0315937bc3ff,board,9.437
2017-11-20 11:42:02,28-0315a4b625ff,external,0.75
2017-11-20 11:42:02,28-0115926cbfff,one,NO-DATA
2017-11-20 11:52:03,28-0315937bc3ff,board,9.437
2017-11-20 11:52:03,28-0315a4b625ff,external,0.437
2017-11-20 11:52:03,28-0115926cbfff,one,NO-DATA
2017-11-20 12:02:05,28-0315937bc3ff,board,9.375
2017-11-20 12:02:05,28-0315a4b625ff,external,0.062
2017-11-20 12:02:05,28-0115926cbfff,one,NO-DATA
2017-11-20 12:12:07,28-0315937bc3ff,board,9.437
2017-11-20 12:12:07,28-0315a4b625ff,external,-0.062
2017-11-20 12:12:07,28-0115926cbfff,one,NO-DATA
2017-11-20 12:22:09,28-0315937bc3ff,board,9.375
2017-11-20 12:22:09,28-0315a4b625ff,external,-0.062
2017-11-20 12:22:09,28-0115926cbfff,one,NO-DATA
2017-11-20 12:32:10,28-0315937bc3ff,board,9.312
2017-11-20 12:32:10,28-0315a4b625ff,external,-0.187
2017-11-20 12:32:10,28-0115926cbfff,one,NO-DATA
2017-11-20 12:42:12,28-0315937bc3ff,board,9.312
2017-11-20 12:42:12,28-0315a4b625ff,external,-0.312
2017-11-20 12:42:12,28-0115926cbfff,one,NO-DATA
2017-11-20 12:52:14,28-0315937bc3ff,board,9.312
2017-11-20 12:52:14,28-0315a4b625ff,external,-0.437
2017-11-20 12:52:14,28-0115926cbfff,one,NO-DATA
2017-11-20 13:02:16,28-0315937bc3ff,board,9.25
2017-11-20 13:02:16,28-0315a4b625ff,external,-0.5
2017-11-20 13:02:16,28-0115926cbfff,one,NO-DATA
2017-11-20 13:12:17,28-0315937bc3ff,board,9.25
2017-11-20 13:12:17,28-0315a4b625ff,external,-0.562
2017-11-20 13:12:17,28-0115926cbfff,one,NO-DATA
2017-11-20 13:22:19,28-0315937bc3ff,board,9.187
2017-11-20 13:22:19,28-0315a4b625ff,external,-0.687
2017-11-20 13:22:19,28-0115926cbfff,one,NO-DATA
2017-11-20 13:32:21,28-0315937bc3ff,board,9.187
2017-11-20 13:32:21,28-0315a4b625ff,external,-0.625
2017-11-20 13:32:21,28-0115926cbfff,one,NO-DATA
2017-11-20 13:42:23,28-0315937bc3ff,board,9.187
2017-11-20 13:42:23,28-0315a4b625ff,external,-0.687
2017-11-20 13:42:23,28-0115926cbfff,one,NO-DATA
2017-11-20 13:52:24,28-0315937bc3ff,board,9.125
2017-11-20 13:52:24,28-0315a4b625ff,external,-0.687
2017-11-20 13:52:24,28-0115926cbfff,one,NO-DATA
2017-11-20 14:02:26,28-0315937bc3ff,board,9.125
2017-11-20 14:02:26,28-0315a4b625ff,external,-0.687
2017-11-20 14:02:26,28-0115926cbfff,one,NO-DATA
2017-11-20 14:12:28,28-0315937bc3ff,board,9.062
2017-11-20 14:12:28,28-0315a4b625ff,external,-0.75
2017-11-20 14:12:28,28-0115926cbfff,one,NO-DATA
2017-11-20 14:22:30,28-0315937bc3ff,board,9.062
2017-11-20 14:22:30,28-0315a4b625ff,external,-0.812
2017-11-20 14:22:30,28-0115926cbfff,one,NO-DATA
2017-11-20 14:32:31,28-0315937bc3ff,board,9.062
2017-11-20 14:32:31,28-0315a4b625ff,external,-0.875
2017-11-20 14:32:31,28-0115926cbfff,one,NO-DATA
2017-11-20 14:42:33,28-0315937bc3ff,board,9.0
2017-11-20 14:42:33,28-0315a4b625ff,external,-0.937
2017-11-20 14:42:33,28-0115926cbfff,one,NO-DATA
2017-11-20 14:52:35,28-0315937bc3ff,board,9.0
2017-11-20 14:52:35,28-0315a4b625ff,external,-1.0
2017-11-20 14:52:35,28-0115926cbfff,one,NO-DATA
2017-11-20 15:02:37,28-0315937bc3ff,board,8.937
2017-11-20 15:02:37,28-0315a4b625ff,external,-1.125
2017-11-20 15:02:37,28-0115926cbfff,one,NO-DATA
2017-11-20 15:12:39,28-0315937bc3ff,board,8.875
2017-11-20 15:12:39,28-0315a4b625ff,external,-1.25
2017-11-20 15:12:39,28-0115926cbfff,one,NO-DATA
2017-11-20 15:22:40,28-0315937bc3ff,board,8.875
2017-11-20 15:22:40,28-0315a4b625ff,external,-1.312
2017-11-20 15:22:40,28-0115926cbfff,one,NO-DATA
2017-11-20 15:32:42,28-0315937bc3ff,board,8.875
2017-11-20 15:32:42,28-0315a4b625ff,external,-1.375
2017-11-20 15:32:42,28-0115926cbfff,one,NO-DATA
2017-11-20 15:42:44,28-0315937bc3ff,board,8.812
2017-11-20 15:42:44,28-0315a4b625ff,external,-1.437
2017-11-20 15:42:44,28-0115926cbfff,one,NO-DATA
2017-11-20 15:52:46,28-0315937bc3ff,board,8.812
2017-11-20 15:52:46,28-0315a4b625ff,external,-1.5
2017-11-20 15:52:46,28-0115926cbfff,one,NO-DATA
2017-11-20 16:02:47,28-0315937bc3ff,board,8.812
2017-11-20 16:02:47,28-0315a4b625ff,external,-1.562
2017-11-20 16:02:47,28-0115926cbfff,one,NO-DATA
2017-11-20 16:12:49,28-0315937bc3ff,board,8.75
2017-11-20 16:12:49,28-0315a4b625ff,external,-1.75
2017-11-20 16:12:49,28-0115926cbfff,one,NO-DATA
2017-11-20 16:22:51,28-0315937bc3ff,board,8.75
2017-11-20 16:22:51,28-0315a4b625ff,external,-1.875
2017-11-20 16:22:51,28-0115926cbfff,one,NO-DATA
2017-11-20 16:32:53,28-0315937bc3ff,board,8.687
2017-11-20 16:32:53,28-0315a4b625ff,external,-1.812
2017-11-20 16:32:53,28-0115926cbfff,one,NO-DATA
2017-11-20 16:42:54,28-0315937bc3ff,board,8.625
2017-11-20 16:42:54,28-0315a4b625ff,external,-1.875
2017-11-20 16:42:54,28-0115926cbfff,one,NO-DATA
2017-11-20 16:52:56,28-0315937bc3ff,board,8.625
2017-11-20 16:52:56,28-0315a4b625ff,external,-1.937
2017-11-20 16:52:56,28-0115926cbfff,one,NO-DATA
2017-11-20 17:02:58,28-0315937bc3ff,board,8.562
2017-11-20 17:02:58,28-0315a4b625ff,external,-2.062
2017-11-20 17:02:58,28-0115926cbfff,one,NO-DATA
2017-11-20 17:13:00,28-0315937bc3ff,board,8.562
2017-11-20 17:13:00,28-0315a4b625ff,external,-2.125
2017-11-20 17:13:00,28-0115926cbfff,one,NO-DATA
2017-11-20 17:23:01,28-0315937bc3ff,board,8.5
2017-11-20 17:23:01,28-0315a4b625ff,external,-2.125
2017-11-20 17:23:01,28-0115926cbfff,one,NO-DATA
2017-11-20 17:33:03,28-0315937bc3ff,board,8.5
2017-11-20 17:33:03,28-0315a4b625ff,external,-2.187
2017-11-20 17:33:03,28-0115926cbfff,one,NO-DATA
2017-11-20 17:43:05,28-0315937bc3ff,board,8.437
2017-11-20 17:43:05,28-0315a4b625ff,external,-2.25
2017-11-20 17:43:05,28-0115926cbfff,one,NO-DATA
2017-11-20 17:53:07,28-0315937bc3ff,board,8.437
2017-11-20 17:53:07,28-0315a4b625ff,external,-2.25
2017-11-20 17:53:07,28-0115926cbfff,one,NO-DATA
2017-11-20 18:03:08,28-0315937bc3ff,board,8.375
2017-11-20 18:03:08,28-0315a4b625ff,external,-2.187
2017-11-20 18:03:08,28-0115926cbfff,one,NO-DATA
2017-11-20 18:13:10,28-0315937bc3ff,board,8.312
2017-11-20 18:13:10,28-0315a4b625ff,external,-2.125
2017-11-20 18:13:10,28-0115926cbfff,one,NO-DATA
2017-11-20 18:23:12,28-0315937bc3ff,board,8.25
2017-11-20 18:23:12,28-0315a4b625ff,external,-2.125
2017-11-20 18:23:12,28-0115926cbfff,one,NO-DATA
2017-11-20 18:33:14,28-0315937bc3ff,board,8.25
2017-11-20 18:33:14,28-0315a4b625ff,external,-2.062
2017-11-20 18:33:14,28-0115926cbfff,one,NO-DATA
2017-11-20 18:43:15,28-0315937bc3ff,board,8.25
2017-11-20 18:43:15,28-0315a4b625ff,external,-2.062
2017-11-20 18:43:15,28-0115926cbfff,one,NO-DATA
2017-11-20 18:53:17,28-0315937bc3ff,board,8.187
2017-11-20 18:53:17,28-0315a4b625ff,external,-2.125
2017-11-20 18:53:17,28-0115926cbfff,one,NO-DATA
2017-11-20 19:03:19,28-0315937bc3ff,board,8.187
2017-11-20 19:03:19,28-0315a4b625ff,external,-2.125
2017-11-20 19:03:19,28-0115926cbfff,one,NO-DATA
2017-11-20 19:13:21,28-0315937bc3ff,board,8.125
2017-11-20 19:13:21,28-0315a4b625ff,external,-2.125
2017-11-20 19:13:21,28-0115926cbfff,one,NO-DATA
2017-11-20 19:23:22,28-0315937bc3ff,board,8.125
2017-11-20 19:23:22,28-0315a4b625ff,external,-2.187
2017-11-20 19:23:22,28-0115926cbfff,one,NO-DATA
2017-11-20 19:33:24,28-0315937bc3ff,board,8.062
2017-11-20 19:33:24,28-0315a4b625ff,external,-2.312
2017-11-20 19:33:24,28-0115926cbfff,one,NO-DATA
2017-11-20 19:43:26,28-0315937bc3ff,board,8.062
2017-11-20 19:43:26,28-0315a4b625ff,external,-2.375
2017-11-20 19:43:26,28-0115926cbfff,one,NO-DATA
2017-11-20 19:53:28,28-0315937bc3ff,board,8.0
2017-11-20 19:53:28,28-0315a4b625ff,external,-2.437
2017-11-20 19:53:28,28-0115926cbfff,one,NO-DATA
2017-11-20 20:03:29,28-0315937bc3ff,board,8.0
2017-11-20 20:03:29,28-0315a4b625ff,external,-2.5
2017-11-20 20:03:29,28-0115926cbfff,one,NO-DATA
2017-11-20 20:13:31,28-0315937bc3ff,board,8.0
2017-11-20 20:13:31,28-0315a4b625ff,external,-2.5
2017-11-20 20:13:31,28-0115926cbfff,one,NO-DATA
2017-11-20 20:23:33,28-0315937bc3ff,board,7.937
2017-11-20 20:23:33,28-0315a4b625ff,external,-2.5
2017-11-20 20:23:33,28-0115926cbfff,one,NO-DATA
2017-11-20 20:33:35,28-0315937bc3ff,board,7.937
2017-11-20 20:33:35,28-0315a4b625ff,external,-2.562
2017-11-20 20:33:35,28-0115926cbfff,one,NO-DATA
2017-11-20 20:43:36,28-0315937bc3ff,board,7.937
2017-11-20 20:43:36,28-0315a4b625ff,external,-2.562
2017-11-20 20:43:36,28-0115926cbfff,one,NO-DATA
2017-11-20 20:53:38,28-0315937bc3ff,board,7.875
2017-11-20 20:53:38,28-0315a4b625ff,external,-2.5
2017-11-20 20:53:38,28-0115926cbfff,one,NO-DATA
2017-11-20 21:03:40,28-0315937bc3ff,board,7.875
2017-11-20 21:03:40,28-0315a4b625ff,external,-2.5
2017-11-20 21:03:40,28-0115926cbfff,one,NO-DATA
2017-11-20 21:13:42,28-0315937bc3ff,board,7.875
2017-11-20 21:13:42,28-0315a4b625ff,external,-2.5
2017-11-20 21:13:42,28-0115926cbfff,one,NO-DATA
2017-11-20 21:23:43,28-0315937bc3ff,board,7.812
2017-11-20 21:23:43,28-0315a4b625ff,external,-2.562
2017-11-20 21:23:43,28-0115926cbfff,one,NO-DATA
2017-11-20 21:33:45,28-0315937bc3ff,board,7.812
2017-11-20 21:33:45,28-0315a4b625ff,external,-2.5
2017-11-20 21:33:45,28-0115926cbfff,one,NO-DATA
2017-11-20 21:43:47,28-0315937bc3ff,board,7.812
2017-11-20 21:43:47,28-0315a4b625ff,external,-2.5
2017-11-20 21:43:47,28-0115926cbfff,one,NO-DATA
2017-11-20 21:53:49,28-0315937bc3ff,board,7.75
2017-11-20 21:53:49,28-0315a4b625ff,external,-2.5
2017-11-20 21:53:49,28-0115926cbfff,one,NO-DATA
2017-11-20 22:03:50,28-0315937bc3ff,board,7.75
2017-11-20 22:03:50,28-0315a4b625ff,external,-2.5
2017-11-20 22:03:50,28-0115926cbfff,one,NO-DATA
2017-11-20 22:13:52,28-0315937bc3ff,board,7.75
2017-11-20 22:13:52,28-0315a4b625ff,external,-2.5
2017-11-20 22:13:52,28-0115926cbfff,one,NO-DATA
2017-11-20 22:23:54,28-0315937bc3ff,board,7.75
2017-11-20 22:23:54,28-0315a4b625ff,external,-2.562
2017-11-20 22:23:54,28-0115926cbfff,one,NO-DATA
2017-11-20 22:33:56,28-0315937bc3ff,board,7.75
2017-11-20 22:33:56,28-0315a4b625ff,external,-2.562
2017-11-20 22:33:56,28-0115926cbfff,one,NO-DATA
2017-11-20 22:43:57,28-0315937bc3ff,board,7.75
2017-11-20 22:43:57,28-0315a4b625ff,external,-2.562
2017-11-20 22:43:57,28-0115926cbfff,one,NO-DATA
2017-11-20 22:53:59,28-0315937bc3ff,board,7.75
2017-11-20 22:53:59,28-0315a4b625ff,external,-2.562
2017-11-20 22:53:59,28-0115926cbfff,one,NO-DATA
2017-11-20 23:04:01,28-0315937bc3ff,board,7.687
2017-11-20 23:04:01,28-0315a4b625ff,external,-2.562
2017-11-20 23:04:01,28-0115926cbfff,one,NO-DATA
2017-11-20 23:14:03,28-0315937bc3ff,board,7.687
2017-11-20 23:14:03,28-0315a4b625ff,external,-2.562
2017-11-20 23:14:03,28-0115926cbfff,one,NO-DATA
2017-11-20 23:24:04,28-0315937bc3ff,board,7.687
2017-11-20 23:24:04,28-0315a4b625ff,external,-2.5
2017-11-20 23:24:04,28-0115926cbfff,one,NO-DATA
2017-11-20 23:34:06,28-0315937bc3ff,board,7.687
2017-11-20 23:34:06,28-0315a4b625ff,external,-2.5
2017-11-20 23:34:06,28-0115926cbfff,one,NO-DATA
2017-11-20 23:44:08,28-0315937bc3ff,board,7.687
2017-11-20 23:44:08,28-0315a4b625ff,external,-2.5
2017-11-20 23:44:08,28-0115926cbfff,one,NO-DATA
2017-11-20 23:54:10,28-0315937bc3ff,board,7.625
2017-11-20 23:54:10,28-0315a4b625ff,external,-2.437
2017-11-20 23:54:10,28-0115926cbfff,one,NO-DATA
2017-11-21 00:04:12,28-0315937bc3ff,board,7.625
2017-11-21 00:04:12,28-0315a4b625ff,external,-2.625
2017-11-21 00:04:12,28-0115926cbfff,one,NO-DATA
2017-11-21 00:14:14,28-0315937bc3ff,board,7.625
2017-11-21 00:14:14,28-0315a4b625ff,external,-2.562
2017-11-21 00:14:14,28-0115926cbfff,one,NO-DATA
2017-11-21 00:24:16,28-0315937bc3ff,board,7.625
2017-11-21 00:24:16,28-0315a4b625ff,external,-2.437
2017-11-21 00:24:16,28-0115926cbfff,one,NO-DATA
2017-11-21 00:34:18,28-0315937bc3ff,board,7.562
2017-11-21 00:34:18,28-0315a4b625ff,external,-2.312
2017-11-21 00:34:18,28-0115926cbfff,one,NO-DATA
2017-11-21 00:44:19,28-0315937bc3ff,board,7.5
2017-11-21 00:44:19,28-0315a4b625ff,external,-2.25
2017-11-21 00:44:19,28-0115926cbfff,one,NO-DATA
2017-11-21 00:54:21,28-0315937bc3ff,board,7.5
2017-11-21 00:54:21,28-0315a4b625ff,external,-2.187
2017-11-21 00:54:21,28-0115926cbfff,one,NO-DATA
2017-11-21 01:04:23,28-0315937bc3ff,board,7.5
2017-11-21 01:04:23,28-0315a4b625ff,external,-2.187
2017-11-21 01:04:23,28-0115926cbfff,one,NO-DATA
2017-11-21 01:14:25,28-0315937bc3ff,board,7.5
2017-11-21 01:14:25,28-0315a4b625ff,external,-2.125
2017-11-21 01:14:25,28-0115926cbfff,one,NO-DATA
2017-11-21 01:24:26,28-0315937bc3ff,board,7.5
2017-11-21 01:24:26,28-0315a4b625ff,external,-2.125
2017-11-21 01:24:26,28-0115926cbfff,one,NO-DATA
2017-11-21 01:34:28,28-0315937bc3ff,board,7.5
2017-11-21 01:34:28,28-0315a4b625ff,external,-2.125
2017-11-21 01:34:28,28-0115926cbfff,one,NO-DATA
2017-11-21 01:44:30,28-0315937bc3ff,board,7.437
2017-11-21 01:44:30,28-0315a4b625ff,external,-2.125
2017-11-21 01:44:30,28-0115926cbfff,one,NO-DATA
2017-11-21 01:54:32,28-0315937bc3ff,board,7.437
2017-11-21 01:54:32,28-0315a4b625ff,external,-2.125
2017-11-21 01:54:32,28-0115926cbfff,one,NO-DATA
2017-11-21 02:04:33,28-0315937bc3ff,board,7.375
2017-11-21 02:04:33,28-0315a4b625ff,external,-2.125
2017-11-21 02:04:33,28-0115926cbfff,one,NO-DATA
2017-11-21 02:14:35,28-0315937bc3ff,board,7.375
2017-11-21 02:14:35,28-0315a4b625ff,external,-2.187
2017-11-21 02:14:35,28-0115926cbfff,one,NO-DATA
2017-11-21 02:24:37,28-0315937bc3ff,board,7.375
2017-11-21 02:24:37,28-0315a4b625ff,external,-2.187
2017-11-21 02:24:37,28-0115926cbfff,one,NO-DATA
2017-11-21 02:34:39,28-0315937bc3ff,board,7.375
2017-11-21 02:34:39,28-0315a4b625ff,external,-2.187
2017-11-21 02:34:39,28-0115926cbfff,one,NO-DATA
2017-11-21 02:44:40,28-0315937bc3ff,board,7.312
2017-11-21 02:44:40,28-0315a4b625ff,external,-2.187
2017-11-21 02:44:40,28-0115926cbfff,one,NO-DATA
2017-11-21 02:54:42,28-0315937bc3ff,board,7.312
2017-11-21 02:54:42,28-0315a4b625ff,external,-2.187
2017-11-21 02:54:42,28-0115926cbfff,one,NO-DATA
2017-11-21 03:04:44,28-0315937bc3ff,board,7.312
2017-11-21 03:04:44,28-0315a4b625ff,external,-2.25
2017-11-21 03:04:44,28-0115926cbfff,one,NO-DATA
2017-11-21 03:14:46,28-0315937bc3ff,board,7.312
2017-11-21 03:14:46,28-0315a4b625ff,external,-2.375
2017-11-21 03:14:46,28-0115926cbfff,one,NO-DATA
2017-11-21 03:24:47,28-0315937bc3ff,board,7.312
2017-11-21 03:24:47,28-0315a4b625ff,external,-2.437
2017-11-21 03:24:47,28-0115926cbfff,one,NO-DATA
2017-11-21 03:34:49,28-0315937bc3ff,board,7.312
2017-11-21 03:34:49,28-0315a4b625ff,external,-2.375
2017-11-21 03:34:49,28-0115926cbfff,one,NO-DATA
2017-11-21 03:44:51,28-0315937bc3ff,board,7.25
2017-11-21 03:44:51,28-0315a4b625ff,external,-2.312
2017-11-21 03:44:51,28-0115926cbfff,one,NO-DATA
2017-11-21 03:54:53,28-0315937bc3ff,board,7.25
2017-11-21 03:54:53,28-0315a4b625ff,external,-2.25
2017-11-21 03:54:53,28-0115926cbfff,one,NO-DATA
2017-11-21 04:04:55,28-0315937bc3ff,board,7.25
2017-11-21 04:04:55,28-0315a4b625ff,external,-2.25
2017-11-21 04:04:55,28-0115926cbfff,one,NO-DATA
2017-11-21 04:14:56,28-0315937bc3ff,board,7.187
2017-11-21 04:14:56,28-0315a4b625ff,external,-2.312
2017-11-21 04:14:56,28-0115926cbfff,one,NO-DATA
2017-11-21 04:24:58,28-0315937bc3ff,board,7.187
2017-11-21 04:24:58,28-0315a4b625ff,external,-2.312
2017-11-21 04:24:58,28-0115926cbfff,one,NO-DATA
2017-11-21 04:35:00,28-0315937bc3ff,board,7.125
2017-11-21 04:35:00,28-0315a4b625ff,external,-2.312
2017-11-21 04:35:00,28-0115926cbfff,one,NO-DATA
2017-11-21 04:45:02,28-0315937bc3ff,board,7.125
2017-11-21 04:45:02,28-0315a4b625ff,external,-2.437
2017-11-21 04:45:02,28-0115926cbfff,one,NO-DATA
2017-11-21 04:55:03,28-0315937bc3ff,board,7.125
2017-11-21 04:55:03,28-0315a4b625ff,external,-2.375
2017-11-21 04:55:03,28-0115926cbfff,one,NO-DATA
2017-11-21 05:05:05,28-0315937bc3ff,board,7.062
2017-11-21 05:05:05,28-0315a4b625ff,external,-2.312
2017-11-21 05:05:05,28-0115926cbfff,one,NO-DATA
2017-11-21 05:15:07,28-0315937bc3ff,board,7.062
2017-11-21 05:15:07,28-0315a4b625ff,external,-2.312
2017-11-21 05:15:07,28-0115926cbfff,one,NO-DATA
2017-11-21 05:25:09,28-0315937bc3ff,board,7.0
2017-11-21 05:25:09,28-0315a4b625ff,external,-2.312
2017-11-21 05:25:09,28-0115926cbfff,one,NO-DATA
2017-11-21 05:35:10,28-0315937bc3ff,board,7.062
2017-11-21 05:35:10,28-0315a4b625ff,external,-2.375
2017-11-21 05:35:10,28-0115926cbfff,one,NO-DATA
2017-11-21 05:45:12,28-0315937bc3ff,board,7.062
2017-11-21 05:45:12,28-0315a4b625ff,external,-2.375
2017-11-21 05:45:12,28-0115926cbfff,one,NO-DATA
2017-11-21 05:55:14,28-0315937bc3ff,board,7.0
2017-11-21 05:55:14,28-0315a4b625ff,external,-2.125
2017-11-21 05:55:14,28-0115926cbfff,one,NO-DATA
2017-11-21 06:05:16,28-0315937bc3ff,board,7.0
2017-11-21 06:05:16,28-0315a4b625ff,external,-2.0
2017-11-21 06:05:16,28-0115926cbfff,one,NO-DATA
2017-11-21 06:15:17,28-0315937bc3ff,board,7.0
2017-11-21 06:15:17,28-0315a4b625ff,external,-2.0
2017-11-21 06:15:17,28-0115926cbfff,one,NO-DATA
2017-11-21 06:25:19,28-0315937bc3ff,board,7.0
2017-11-21 06:25:19,28-0315a4b625ff,external,-2.0
2017-11-21 06:25:19,28-0115926cbfff,one,NO-DATA
2017-11-21 06:35:21,28-0315937bc3ff,board,7.0
2017-11-21 06:35:21,28-0315a4b625ff,external,-2.062
2017-11-21 06:35:21,28-0115926cbfff,one,NO-DATA
2017-11-21 06:45:23,28-0315937bc3ff,board,7.0
2017-11-21 06:45:23,28-0315a4b625ff,external,-1.875
2017-11-21 06:45:23,28-0115926cbfff,one,NO-DATA
2017-11-21 06:55:24,28-0315937bc3ff,board,7.0
2017-11-21 06:55:24,28-0315a4b625ff,external,-1.0
2017-11-21 06:55:24,28-0115926cbfff,one,NO-DATA
2017-11-21 07:05:26,28-0315937bc3ff,board,7.0
2017-11-21 07:05:26,28-0315a4b625ff,external,-0.937
2017-11-21 07:05:26,28-0115926cbfff,one,NO-DATA
2017-11-21 07:15:28,28-0315937bc3ff,board,7.0
2017-11-21 07:15:28,28-0315a4b625ff,external,-1.0
2017-11-21 07:15:28,28-0115926cbfff,one,NO-DATA
2017-11-21 07:25:30,28-0315937bc3ff,board,6.937
2017-11-21 07:25:30,28-0315a4b625ff,external,-1.062
2017-11-21 07:25:30,28-0115926cbfff,one,NO-DATA
2017-11-21 07:35:31,28-0315937bc3ff,board,6.937
2017-11-21 07:35:31,28-0315a4b625ff,external,-1.25
2017-11-21 07:35:31,28-0115926cbfff,one,NO-DATA
2017-11-21 07:45:33,28-0315937bc3ff,board,6.937
2017-11-21 07:45:33,28-0315a4b625ff,external,-1.0
2017-11-21 07:45:33,28-0115926cbfff,one,NO-DATA
2017-11-21 07:55:35,28-0315937bc3ff,board,6.937
2017-11-21 07:55:35,28-0315a4b625ff,external,-0.687
2017-11-21 07:55:35,28-0115926cbfff,one,NO-DATA
2017-11-21 08:05:37,28-0315937bc3ff,board,6.937
2017-11-21 08:05:37,28-0315a4b625ff,external,-0.687
2017-11-21 08:05:37,28-0115926cbfff,one,NO-DATA
2017-11-21 08:15:38,28-0315937bc3ff,board,6.937
2017-11-21 08:15:38,28-0315a4b625ff,external,-0.937
2017-11-21 08:15:38,28-0115926cbfff,one,NO-DATA
2017-11-21 08:25:40,28-0315937bc3ff,board,6.937
2017-11-21 08:25:40,28-0315a4b625ff,external,-0.625
2017-11-21 08:25:40,28-0115926cbfff,one,NO-DATA
2017-11-21 08:35:42,28-0315937bc3ff,board,6.937
2017-11-21 08:35:42,28-0315a4b625ff,external,-0.437
2017-11-21 08:35:42,28-0115926cbfff,one,NO-DATA
2017-11-21 08:45:44,28-0315937bc3ff,board,6.937
2017-11-21 08:45:44,28-0315a4b625ff,external,-0.312
2017-11-21 08:45:44,28-0115926cbfff,one,NO-DATA
2017-11-21 08:55:45,28-0315937bc3ff,board,6.937
2017-11-21 08:55:45,28-0315a4b625ff,external,-0.312
2017-11-21 08:55:45,28-0115926cbfff,one,NO-DATA
2017-11-21 09:05:47,28-0315937bc3ff,board,6.937
2017-11-21 09:05:47,28-0315a4b625ff,external,-0.062
2017-11-21 09:05:47,28-0115926cbfff,one,NO-DATA
2017-11-21 09:15:49,28-0315937bc3ff,board,6.937
2017-11-21 09:15:49,28-0315a4b625ff,external,0.187
2017-11-21 09:15:49,28-0115926cbfff,one,NO-DATA
2017-11-21 09:25:51,28-0315937bc3ff,board,6.937
2017-11-21 09:25:51,28-0315a4b625ff,external,0.5
2017-11-21 09:25:51,28-0115926cbfff,one,NO-DATA
2017-11-21 09:35:52,28-0315937bc3ff,board,6.937
2017-11-21 09:35:52,28-0315a4b625ff,external,0.5
2017-11-21 09:35:52,28-0115926cbfff,one,NO-DATA
2017-11-21 09:45:54,28-0315937bc3ff,board,6.937
2017-11-21 09:45:54,28-0315a4b625ff,external,0.812
2017-11-21 09:45:54,28-0115926cbfff,one,NO-DATA
2017-11-21 09:55:56,28-0315937bc3ff,board,6.937
2017-11-21 09:55:56,28-0315a4b625ff,external,1.125
2017-11-21 09:55:56,28-0115926cbfff,one,NO-DATA
2017-11-21 10:05:58,28-0315937bc3ff,board,6.937
2017-11-21 10:05:58,28-0315a4b625ff,external,1.687
2017-11-21 10:05:58,28-0115926cbfff,one,NO-DATA
2017-11-21 10:15:59,28-0315937bc3ff,board,6.937
2017-11-21 10:15:59,28-0315a4b625ff,external,1.437
2017-11-21 10:15:59,28-0115926cbfff,one,NO-DATA
2017-11-21 10:26:01,28-0315937bc3ff,board,6.937
2017-11-21 10:26:01,28-0315a4b625ff,external,1.375
2017-11-21 10:26:01,28-0115926cbfff,one,NO-DATA
2017-11-21 10:36:03,28-0315937bc3ff,board,7.0
2017-11-21 10:36:03,28-0315a4b625ff,external,1.687
2017-11-21 10:36:03,28-0115926cbfff,one,NO-DATA
2017-11-21 10:46:05,28-0315937bc3ff,board,7.0
2017-11-21 10:46:05,28-0315a4b625ff,external,2.187
2017-11-21 10:46:05,28-0115926cbfff,one,NO-DATA
2017-11-21 10:56:06,28-0315937bc3ff,board,7.0
2017-11-21 10:56:06,28-0315a4b625ff,external,1.125
2017-11-21 10:56:06,28-0115926cbfff,one,NO-DATA
2017-11-21 11:06:08,28-0315937bc3ff,board,6.937
2017-11-21 11:06:08,28-0315a4b625ff,external,0.875
2017-11-21 11:06:08,28-0115926cbfff,one,NO-DATA
2017-11-21 11:16:10,28-0315937bc3ff,board,6.937
2017-11-21 11:16:10,28-0315a4b625ff,external,1.125
2017-11-21 11:16:10,28-0115926cbfff,one,NO-DATA
2017-11-21 11:26:12,28-0315937bc3ff,board,6.937
2017-11-21 11:26:12,28-0315a4b625ff,external,0.937
2017-11-21 11:26:12,28-0115926cbfff,one,NO-DATA
2017-11-21 11:36:13,28-0315937bc3ff,board,7.0
2017-11-21 11:36:13,28-0315a4b625ff,external,0.687
2017-11-21 11:36:13,28-0115926cbfff,one,NO-DATA
2017-11-21 11:46:15,28-0315937bc3ff,board,6.937
2017-11-21 11:46:15,28-0315a4b625ff,external,0.25
2017-11-21 11:46:15,28-0115926cbfff,one,NO-DATA
2017-11-21 11:56:17,28-0315937bc3ff,board,6.937
2017-11-21 11:56:17,28-0315a4b625ff,external,0.062
2017-11-21 11:56:17,28-0115926cbfff,one,NO-DATA
2017-11-21 12:06:19,28-0315937bc3ff,board,6.937
2017-11-21 12:06:19,28-0315a4b625ff,external,-0.125
2017-11-21 12:06:19,28-0115926cbfff,one,NO-DATA
2017-11-21 12:16:21,28-0315937bc3ff,board,6.937
2017-11-21 12:16:21,28-0315a4b625ff,external,-0.25
2017-11-21 12:16:21,28-0115926cbfff,one,NO-DATA
2017-11-21 12:26:22,28-0315937bc3ff,board,6.937
2017-11-21 12:26:22,28-0315a4b625ff,external,-0.187
2017-11-21 12:26:22,28-0115926cbfff,one,NO-DATA
2017-11-21 12:36:24,28-0315937bc3ff,board,6.937
2017-11-21 12:36:24,28-0315a4b625ff,external,-0.375
2017-11-21 12:36:24,28-0115926cbfff,one,NO-DATA
2017-11-21 12:46:26,28-0315937bc3ff,board,6.937
2017-11-21 12:46:26,28-0315a4b625ff,external,-0.437
2017-11-21 12:46:26,28-0115926cbfff,one,NO-DATA
2017-11-21 12:56:28,28-0315937bc3ff,board,6.937
2017-11-21 12:56:28,28-0315a4b625ff,external,-0.312
2017-11-21 12:56:28,28-0115926cbfff,one,NO-DATA
2017-11-21 13:06:29,28-0315937bc3ff,board,6.875
2017-11-21 13:06:29,28-0315a4b625ff,external,-0.312
2017-11-21 13:06:29,28-0115926cbfff,one,NO-DATA
2017-11-21 13:16:31,28-0315937bc3ff,board,6.875
2017-11-21 13:16:31,28-0315a4b625ff,external,-0.312
2017-11-21 13:16:31,28-0115926cbfff,one,NO-DATA
2017-11-21 13:26:33,28-0315937bc3ff,board,6.875
2017-11-21 13:26:33,28-0315a4b625ff,external,-0.25
2017-11-21 13:26:33,28-0115926cbfff,one,NO-DATA
2017-11-21 13:36:35,28-0315937bc3ff,board,6.875
2017-11-21 13:36:35,28-0315a4b625ff,external,-0.25
2017-11-21 13:36:35,28-0115926cbfff,one,NO-DATA
2017-11-21 13:46:36,28-0315937bc3ff,board,6.875
2017-11-21 13:46:36,28-0315a4b625ff,external,-0.375
2017-11-21 13:46:36,28-0115926cbfff,one,NO-DATA
2017-11-21 13:56:38,28-0315937bc3ff,board,6.812
2017-11-21 13:56:38,28-0315a4b625ff,external,-0.5
2017-11-21 13:56:38,28-0115926cbfff,one,NO-DATA
2017-11-21 14:06:40,28-0315937bc3ff,board,6.875
2017-11-21 14:06:40,28-0315a4b625ff,external,-0.625
2017-11-21 14:06:40,28-0115926cbfff,one,NO-DATA
2017-11-21 14:16:42,28-0315937bc3ff,board,6.875
2017-11-21 14:16:42,28-0315a4b625ff,external,-0.625
2017-11-21 14:16:42,28-0115926cbfff,one,NO-DATA
2017-11-21 14:26:43,28-0315937bc3ff,board,6.812
2017-11-21 14:26:43,28-0315a4b625ff,external,-0.75
2017-11-21 14:26:43,28-0115926cbfff,one,NO-DATA
2017-11-21 14:36:45,28-0315937bc3ff,board,6.812
2017-11-21 14:36:45,28-0315a4b625ff,external,-0.937
2017-11-21 14:36:45,28-0115926cbfff,one,NO-DATA
2017-11-21 14:46:47,28-0315937bc3ff,board,6.812
2017-11-21 14:46:47,28-0315a4b625ff,external,-1.0
2017-11-21 14:46:47,28-0115926cbfff,one,NO-DATA
2017-11-21 14:56:49,28-0315937bc3ff,board,6.812
2017-11-21 14:56:49,28-0315a4b625ff,external,-1.062
2017-11-21 14:56:49,28-0115926cbfff,one,NO-DATA
2017-11-21 15:06:50,28-0315937bc3ff,board,6.812
2017-11-21 15:06:50,28-0315a4b625ff,external,-1.062
2017-11-21 15:06:50,28-0115926cbfff,one,NO-DATA
2017-11-21 15:16:52,28-0315937bc3ff,board,6.75
2017-11-21 15:16:52,28-0315a4b625ff,external,-1.125
2017-11-21 15:16:52,28-0115926cbfff,one,NO-DATA
2017-11-21 15:26:54,28-0315937bc3ff,board,6.75
2017-11-21 15:26:54,28-0315a4b625ff,external,-1.062
2017-11-21 15:26:54,28-0115926cbfff,one,NO-DATA
2017-11-21 15:36:56,28-0315937bc3ff,board,6.75
2017-11-21 15:36:56,28-0315a4b625ff,external,-1.187
2017-11-21 15:36:56,28-0115926cbfff,one,NO-DATA
2017-11-21 15:46:57,28-0315937bc3ff,board,6.75
2017-11-21 15:46:57,28-0315a4b625ff,external,-1.25
2017-11-21 15:46:57,28-0115926cbfff,one,NO-DATA
2017-11-21 15:56:59,28-0315937bc3ff,board,6.75
2017-11-21 15:56:59,28-0315a4b625ff,external,-1.25
2017-11-21 15:56:59,28-0115926cbfff,one,NO-DATA
2017-11-21 16:07:01,28-0315937bc3ff,board,6.75
2017-11-21 16:07:01,28-0315a4b625ff,external,-1.25
2017-11-21 16:07:01,28-0115926cbfff,one,NO-DATA
2017-11-21 16:17:03,28-0315937bc3ff,board,6.75
2017-11-21 16:17:03,28-0315a4b625ff,external,-1.187
2017-11-21 16:17:03,28-0115926cbfff,one,NO-DATA
2017-11-21 16:27:04,28-0315937bc3ff,board,6.75
2017-11-21 16:27:04,28-0315a4b625ff,external,-1.187
2017-11-21 16:27:04,28-0115926cbfff,one,NO-DATA
2017-11-21 16:37:06,28-0315937bc3ff,board,6.75
2017-11-21 16:37:06,28-0315a4b625ff,external,-1.125
2017-11-21 16:37:06,28-0115926cbfff,one,NO-DATA
2017-11-21 16:47:08,28-0315937bc3ff,board,6.75
2017-11-21 16:47:08,28-0315a4b625ff,external,-1.187
2017-11-21 16:47:08,28-0115926cbfff,one,NO-DATA
2017-11-21 16:57:10,28-0315937bc3ff,board,6.75
2017-11-21 16:57:10,28-0315a4b625ff,external,-1.25
2017-11-21 16:57:10,28-0115926cbfff,one,NO-DATA
2017-11-21 19:34:03,28-0315937bc3ff,board,6.687
2017-11-21 19:34:03,28-0315a4b625ff,external,-1.312
2017-11-21 19:34:03,thermal,pi,20.716
2017-11-21 19:34:03,28-0115926cbfff,one,NO-DATA
2017-11-21 19:44:06,28-0315937bc3ff,board,6.687
2017-11-21 19:44:06,28-0315a4b625ff,external,-1.375
2017-11-21 19:44:06,thermal,pi,20.716
2017-11-21 19:44:06,28-0115926cbfff,one,NO-DATA
2017-11-21 19:54:09,28-0315937bc3ff,board,6.687
2017-11-21 19:54:09,28-0315a4b625ff,external,-1.375
2017-11-21 19:54:09,thermal,pi,21.253
2017-11-21 19:54:09,28-0115926cbfff,one,NO-DATA
2017-11-21 19:54:51,28-0315937bc3ff,board,6.687
2017-11-21 19:54:51,28-0315a4b625ff,external,-1.375
2017-11-21 19:54:51,thermal,pi,20.716
2017-11-21 19:54:51,28-0115926cbfff,one,NO-DATA
2017-11-21 19:57:12,28-0315937bc3ff,board,6.687
2017-11-21 19:57:12,28-0315a4b625ff,external,-1.312
2017-11-21 19:57:12,thermal,pi,19.64
2017-11-21 19:57:12,28-0115926cbfff,one,NO-DATA
2017-11-21 20:04:14,28-0315937bc3ff,board,6.687
2017-11-21 20:04:14,28-0315a4b625ff,external,-1.312
2017-11-21 20:04:14,thermal,pi,20.716
2017-11-21 20:04:14,28-0115926cbfff,one,NO-DATA
2017-11-21 20:07:14,28-0315937bc3ff,board,6.625
2017-11-21 20:07:14,28-0315a4b625ff,external,-1.25
2017-11-21 20:07:14,thermal,pi,20.716
2017-11-21 20:07:14,28-0115926cbfff,one,NO-DATA
2017-11-21 20:14:17,28-0315937bc3ff,board,6.687
2017-11-21 20:14:17,28-0315a4b625ff,external,-1.187
2017-11-21 20:14:17,thermal,pi,20.716
2017-11-21 20:14:17,28-0115926cbfff,one,NO-DATA
2017-11-21 20:17:19,28-0315937bc3ff,board,6.687
2017-11-21 20:17:19,28-0315a4b625ff,external,-1.187
2017-11-21 20:17:19,thermal,pi,21.253
2017-11-21 20:17:19,28-0115926cbfff,one,NO-DATA
2017-11-21 20:24:21,28-0315937bc3ff,board,6.625
2017-11-21 20:24:21,28-0315a4b625ff,external,-1.125
2017-11-21 20:24:21,thermal,pi,20.716
2017-11-21 20:24:21,28-0115926cbfff,one,NO-DATA
2017-11-21 20:27:23,28-0315937bc3ff,board,6.625
2017-11-21 20:27:23,28-0315a4b625ff,external,-1.125
2017-11-21 20:27:23,thermal,pi,20.716
2017-11-21 20:27:23,28-0115926cbfff,one,NO-DATA
2017-11-21 20:34:26,28-0315937bc3ff,board,6.625
2017-11-21 20:34:26,28-0315a4b625ff,external,-1.125
2017-11-21 20:34:26,thermal,pi,21.792
2017-11-21 20:34:26,28-0115926cbfff,one,NO-DATA
2017-11-21 20:37:27,28-0315937bc3ff,board,6.625
2017-11-21 20:37:27,28-0315a4b625ff,external,-1.125
2017-11-21 20:37:27,thermal,pi,21.253
2017-11-21 20:37:27,28-0115926cbfff,one,NO-DATA
2017-11-21 20:44:30,28-0315937bc3ff,board,6.625
2017-11-21 20:44:30,28-0315a4b625ff,external,-1.062
2017-11-21 20:44:30,thermal,pi,20.716
2017-11-21 20:44:30,28-0115926cbfff,one,NO-DATA
2017-11-21 20:47:32,28-0315937bc3ff,board,6.625
2017-11-21 20:47:32,28-0315a4b625ff,external,-1.062
2017-11-21 20:47:32,thermal,pi,21.253
2017-11-21 20:47:32,28-0115926cbfff,one,NO-DATA
2017-11-21 20:54:34,28-0315937bc3ff,board,6.625
2017-11-21 20:54:34,28-0315a4b625ff,external,-1.0
2017-11-21 20:54:34,thermal,pi,21.253
2017-11-21 20:54:34,28-0115926cbfff,one,NO-DATA
2017-11-21 20:57:36,28-0315937bc3ff,board,6.625
2017-11-21 20:57:36,28-0315a4b625ff,external,-1.0
2017-11-21 20:57:36,thermal,pi,20.716
2017-11-21 20:57:36,28-0115926cbfff,one,NO-DATA
2017-11-21 21:04:39,28-0315937bc3ff,board,6.625
2017-11-21 21:04:39,28-0315a4b625ff,external,-1.0
2017-11-21 21:04:39,thermal,pi,21.253
2017-11-21 21:04:39,28-0115926cbfff,one,NO-DATA
2017-11-21 21:07:40,28-0315937bc3ff,board,6.625
2017-11-21 21:07:40,28-0315a4b625ff,external,-1.0
2017-11-21 21:07:40,thermal,pi,21.253
2017-11-21 21:07:40,28-0115926cbfff,one,NO-DATA
2017-11-21 21:14:44,28-0315937bc3ff,board,6.625
2017-11-21 21:14:44,28-0315a4b625ff,external,-1.062
2017-11-21 21:14:44,thermal,pi,20.716
2017-11-21 21:14:44,28-0115926cbfff,one,NO-DATA
2017-11-21 21:17:44,28-0315937bc3ff,board,6.625
2017-11-21 21:17:44,28-0315a4b625ff,external,-1.125
2017-11-21 21:17:44,thermal,pi,21.253
2017-11-21 21:17:44,28-0115926cbfff,one,NO-DATA
2017-11-21 21:24:48,28-0315937bc3ff,board,6.625
2017-11-21 21:24:48,28-0315a4b625ff,external,-1.125
2017-11-21 21:24:48,thermal,pi,20.716
2017-11-21 21:24:48,28-0115926cbfff,one,NO-DATA
2017-11-21 21:27:49,28-0315937bc3ff,board,6.625
2017-11-21 21:27:49,28-0315a4b625ff,external,-1.062
2017-11-21 21:27:49,thermal,pi,20.716
2017-11-21 21:27:49,28-0115926cbfff,one,NO-DATA
2017-11-21 21:34:52,28-0315937bc3ff,board,6.625
2017-11-21 21:34:52,28-0315a4b625ff,external,-1.062
2017-11-21 21:34:52,thermal,pi,20.716
2017-11-21 21:34:52,28-0115926cbfff,one,NO-DATA
